start,stop,name,tier
106.09850354436537,206.89851809870365,Guzheng,Guzheng
209.22569135407224,310.4106098951218,Guzheng,Guzheng
131.60253284367673,310.4106098951218,Guqin,Guqin
157.18094458790245,206.72651441432131,Pipa,Pipa
259.56064830883247,309.172183367569,Pipa,Pipa
106.09850354436537,208.44655125814467,Zhudi,Zhudi
234.08553026104747,310.4106098951218,Zhudi,Zhudi
