start,stop,name,tier
1.419669757084431,4.464134970651774,Pipa,Pipa
8.121363309831187,38.6352603784393,Pipa,Pipa
40.096092778536246,72.57759413216375,Pipa,Pipa
1.419669757084431,4.464134970651774,Zhudi,Zhudi
8.121363309831187,37.8805942132118,Zhudi,Zhudi
40.096092778536246,72.57759413216375,Zhudi,Zhudi
